key_transfermarkt,key_sofascore,name
# Manual Transfermarkt-id -> Sofascore-id overrides. Not season-scoped: both ids
# are permanent, so one file serves every season.
# Generate candidates with scripts/sofascore-id-finder/ (see its README).
# This file is TRACKED in git and is NOT touched by the people.csv provider import,
# so mappings here survive every re-import. Values here WIN over people.csv.
# The `name` column is for humans only; app:build-sofascore-id-map ignores it.
# Fill key_sofascore (numeric Sofascore player id) then run:
#   php artisan app:build-sofascore-id-map
# Rows with a blank key_sofascore are skipped (no-op) until you fill them.
# --- ESP1 players present in people.csv but with a blank key_sofascore ---
411295,831005,"Raphinha"
289255,866810,"Andoni Gorosabel"
176553,149734,"Aymeric Laporte"
255508,783374,"Iñaki Williams"
1038512,1399702,"Asier Osambela"
1065442,1495856,"Iñigo Arguibide"
552425,976141,"Jon Moncayola"
248738,294377,"Sergio Herrera"
935232,1639543,"Aitor Mañas"
431190,873717,"Carlos Protesoni"
1124136,1513222,"Ángel Pérez"
1064506,1518971,"Adam Boayar"
549027,1100646,"Martim Neto"
203043,141832,"Pedro Bigas"
361254,825754,"Rafa Mir"
196948,186795,"Andreas Christensen"
938144,1402907,"Diego Kochen"
341263,,"Adrián Dela"
1063340,1649919,"Kareem Tunde"
617059,2660173,"Pablo Campos"
1232057,1869106,"Paco Cortés"
112515,69408,"Marcos Alonso"
243879,758664,"Charles Pickel"
625651,1064009,"Urko González de Zárate"
628487,1082734,"Ángel Fortuño"
177452,146852,"Abdón Prats"
947431,1513896,"David López"
455181,900003,"Jorge de Frutos"
1384911,2198232,"Samu Becerra"
505674,910024,"Sergio Camello"
961087,1893910,"Pablo García"
1375227,2237795,"Thiago Pitarch"
337284,,"Ovie Ejaria"
1081496,1587199,"Pablo Agudín"
929899,,"Rahim Alhassane"
1064105,2509247,"Miguel Ángel Sierra"
1032280,,"Oso"
268642,345195,"Renzo Saravia"
246968,,"Ayoze Pérez"
1331450,1966890,"Hugo López"
484988,911853,"Logan Costa"
# Generated by scripts/sofascore-id-finder on 2026-09-07.
# 1512 confirmed by exact date of birth, 323 unresolved.
# Append to data/sofascore_ids_overrides.csv, then run:
#   php artisan app:build-sofascore-id-map
1236397,1802459,Abdel Kader Njoya
1109577,1566178,Aarón Ochoa
741252,1544611,Aarón Alonso
1143456,2049499,Abderrezzek Saidi
1294867,2723926,Abdel Lah  Mohamed
944694,1462126,Abdelnour Soualhia
1087009,1542692,Abdou-Salam Konate
1534934,2551196,Abdu Dafe
153350,791417,Abdulaziz Al Bishi
1178314,1522211,Abdullah Abdo
193159,160925,Abdullah Otayf
1133955,2213489,Abubakar Abdullahi
1563208,2734809,Achore  Nilo Sánchez Martínez
1205629,2270624,Ackah-Tidiane Thiongane-Zoukrou
1223334,2128081,Ada Yüzgeç
1138248,1926113,Adam Ilic
827260,1891090,Adam Tahaui
1131160,1606640,Adama Baradji
1457931,2437632,Adem Yeşilyurt
965990,1167835,Aden McCarthy
1166137,2359810,Adil Bourabaa
1225762,1978037,Adnane Ghailan
1141841,1584891,Adlan Nurgaliev
1157676,1517290,Adonija Ouanda
982832,2328782,Adrián Heredia
1012244,2701126,Adrián Expósito
1194242,1591015,Adria Regalo Figueiredo
941156,2178495,Adrián Suárez
442794,1009861,Adilson
955606,1417361,Adrian Raychev
1205033,1945528,Adrian Damasiewicz
808445,1106840,Adriel
709964,1580578,Adrià Capdevila
533355,900528,Adrià Gené
633177,2397362,Adriá Padillo
1080167,2719491,Adrián Argos
708388,1000197,Adrián Corral
914198,1131674,Adrián Csenterics
1179369,2723504,Adrián Lekuna Azcona
1256108,1996736,Adrián Guerrero
598769,906811,Adrián Martínez
946276,1428970,Adrián Salguero
702662,1900489,Adrián Verde
1130913,1535547,Adrián Zango
958931,1605226,Afonso Vieira
638211,2297661,Ager Badiola
814966,1022258,Agustín Sienra
1159156,1504802,Ahmad Abu Rasen
671043,984415,Ahmed Al-Ghamdi
1060901,1475443,Ahmed Al-Julaydan
669921,1064802,Ahmed Ankrah
992541,1195780,Afonso Duarte
808477,1920327,Franck Ahmed Sidibé
834488,1495845,Aimar Duñabeitia
1186242,1516445,Aimar Santiago
1056971,1605227,Aingeru Olabarrieta
1108668,1841368,Airidas Golambeckis
817753,1398515,Aisar Ahmed
668313,1000247,Aitor Fraga
646735,1142586,Aitor Gismera
634109,2201655,Aitor Uzkudun
863191,1126243,Akram Bouras
668277,1015993,Alan Godoy
1249340,1893907,Alassane Diatta
664420,1010534,Albert Caparrós
814986,2122582,Albert Millgramm
1061659,1982447,Albert García
1023879,1389898,Albert Orriols
1453207,2414713,Albert Tolosa  Pérez
711377,1170458,Alberto Dadie
935342,1402673,Alberto Collado
472023,950158,Albertito
766552,1108577,Alberto Flores
175919,558700,Alberto González
631055,1031482,Alberto Quintana
568149,1120010,Alberto Moreno
399704,914768,Alberto Gil
1030374,1980463,Alberto Ulloa
778847,1103097,Alberto Trapero
1401324,1881583,Aldrine Kibet
352564,796505,Aldayr Hernández
1371198,2144390,Ale Gomes
531413,1012159,Alejandro Meléndez
720488,1396199,Alejandro Alfaro
628612,1010517,Aleix Roig
625066,1154411,Alejandro Ibarrondo
708534,1001995,Alejandro Jay
1118201,1520814,Alejandro Mestanza
531498,1010301,Alejandro Marcelo
548187,910019,Alejandro Pérez
396157,898000,Alejandro Sotillos
1156640,1515307,Aleks Stojaković
263918,318963,Aleksandr Golovin
944330,1470006,Alessandro Blazic
1077440,1426332,Aleksandre Amisulashvili
646197,962292,Alessandro Kacbufi
538079,984095,Alessio Furlanetto
494805,899301,Alessio Pozzi
911224,1417034,Alessandro Romano
433584,869888,Alessio Zerbin
946269,1391614,Alex Almansa
817613,1173363,Alex Borto
892923,1429884,Alex Comparada
979325,1413858,Alex Lebarbier
634107,2235103,Alex Hidalgo
1201530,1602590,Alex Marchal
245625,796143,Alex Palmer
184745,964101,Alexander Lundin
892421,1652662,Alex Quevedo
666744,981280,Alexandre Lauray
811432,1912471,Alexandre Parsemain
585951,941172,Alexandre Phliponeau
972439,1157555,Alexandru Iamandache
1113217,1473118,Alexej Maros
1262288,1859823,Alexis Ciria
970199,1464122,Alexandru Maxim
1147579,2024917,Alexis García
631050,1084657,Alfonso Liceras
184894,232224,Alfred Duncan
1140564,1586925,Alfred Gøthler
141805,925947,Ali Al-Hassan
1064538,1516812,Ali Houary
1009618,1405684,Aljaz Strajnar
1064145,2079257,Alvaro Mardones
1331451,1989748,Alvin Nordin
1392952,2112003,Alynho Haidara
550934,916653,Amador Zarco
126422,158277,Allan
1179193,2188484,Amadou Diakité
989321,1496057,Amar Milak
1079622,2006785,Amil Šiljević
565401,996991,Amine Et-Taibi
990860,1513290,Amine Rehmi
218431,828247,Amir Abedzadeh
71548,129471,Anaitz Arbilla
894945,2235100,Anartz Peña
1054634,1906682,Anass Zarrouk
1189292,1916252,Ander Izagirre
1179361,2043575,Ander Peciña Gorordo
710657,1516620,Ander Madariaga
1273448,2235098,Ander Sustatxa
1191921,1985762,Andrea Luongo
1133053,1825871,Anđelo Šutalo
950123,1155400,Andreas Christou
515025,1000566,Andreas Lausen
1260003,2165007,Andreas Wilhelmsen
1176747,1957665,Andreas Søndenbroe
445316,1084639,Andreu Hernández
631280,1502034,Andrey Yago
927838,1163387,Andro Babić
647098,1068521,André Paulo
709377,1534014,Andrés Campos
914629,1395440,Andre Simões
771032,1594169,Andrés Rodríguez
396339,964890,Andy Escudero
1119845,1930179,Anis Ouzenadji
453016,846471,Anthony Caci
583255,934354,Antoine Semenyo
1380099,2239932,Antoine Wenck
1321101,1945242,Antony Khayat
271099,798374,Antonijs Černomordijs
99348,368730,Antonio Amaro
631223,1009870,Antonio Aranda
568184,1154336,Antonio Arcos
364890,861277,Antonio Caballero
251880,909100,Antonio Montoro
374082,795727,Antonio Otegui
483742,869746,Antonio Perera Calderón
815556,1137252,Antonio Gala
590891,1010328,Antxón Jaso
881217,1533945,Antonio Sánchez
327126,601962,Anuar
1131071,2200405,Anwar Hernandez
1342235,1991007,Anxo Rodríguez
1122795,1403045,Argus Vanden Driessche
1093863,1587799,Aranha
711370,1427624,Aritz Muguruza
1101894,1485398,Armin Culum
383810,1163283,Arnau Campeny
1222475,1895867,Aritz Conde
499145,1431503,Arnau Gaixas
1060824,1917843,Arnau Sans
312683,872552,Arthur Bonaldo
1115722,1633501,Arthur Gabriel
511780,984163,Arttu Heinonen
660581,1047268,Arttu Lötjönen
963316,1171481,Assane Ndiaye Dione
569359,1387155,Augustin Delbecque
389253,822459,Auston Trusty
1073654,1403043,Axl De Corte
538450,966999,Ayman El Ghobashy
1120211,1518426,Aymane Jelbat
1188771,1910222,Aymen Zouin
521127,919793,Ayoub El Kaabi
1297670,2302581,Aymen Amaaouch
1382453,2557443,Bané Diatta
1118873,1548899,Bartosz Mazurek
1046873,1885588,Bartlomiej Krasiewicz
1231353,1873014,Bas Evers
1106187,1597255,Bekhruz Karimov
1183198,1979033,Bema Sina
335721,846036,Ben White
854721,2007889,Ben Winterburn
1160811,1896800,Bence Juhász
1129402,2055327,Bendegúz Kovács
353366,787505,Benjamin Pavard
1279157,1925472,Benno Kaltefleiter
1177255,1540421,Bernard Somuah
699679,1017590,Bernardo Schappo
1179373,1953930,Beñat García
709214,1171619,Beñat Gerenabarrena
1179368,1895862,Beñat Larrea
709182,1137816,Beñat de Jesús
1299392,2335487,Bil Nsongo
1427878,2677908,Beñat Gómez
1136305,2038552,Bjorni  Duka
1147796,1523556,Bob Nii Armah
186744,135151,Bogdan Țîru
470796,902050,Boris Popović
258482,795926,Boris Radunović
1474254,2322879,Borja Arellano
961985,1394708,Borja Calvo
217155,758666,Borja Sánchez
1230202,1865387,Borja Vázquez
1267602,1526434,Borna Orlić
626913,960080,Boulaye Dia
1109812,1656944,Boston Billups
1551373,2445388,Bourama Dembelé
1134110,2168291,Brad-Hamilton Mantsounga
1032012,2208449,Brahima Magassa
330985,598208,Brais Abelenda
638138,1164647,Brais Martínez
451747,846061,Brandon Thomas-Asante
700565,1160969,Brian Cipenga
938154,1544613,Brian Fariñas
1083247,1589355,Bruno Alves
747197,1177477,Bruno Iribarne
371564,843194,Bruno Pereira
1156381,2313921,Bruno Rielo
71830,830293,Bruno Wilson
115507,249409,Bruno Zuculini
1378087,2068474,Bryan Zurmühle
1187887,1634309,Beni Junior
999364,1192667,Cabral Carter
768562,1580384,Bénito
1374960,2239936,Caike
989995,2193259,Caleb Kramer
997867,1521132,Camilo Durán
1221548,1640597,Carbone
317818,544166,Carlos Abad
286375,349878,Carlos Albarrán
193784,192430,Carlos Clerc
324475,908768,Carlos Calderón
1054429,1632259,Carlos Guirao
924626,2452368,Carlos Igual Queralt
709376,1594493,Carlos Mangada
251877,791989,Carlos Marín
888293,1518425,Carlos Mattheus
1385007,2333468,Carlos Navarro
1004298,1442178,Carlos Lopez
776703,1164708,Carlos Puga
1061281,1493688,Carlos Reina
195337,602226,Carlos de la Nava
282000,369978,Carlos Ramos
659459,994556,Carney Chukwuemeka
623824,2543363,Carlos Segura
1175184,2019644,Patrick Carraro Injai
682568,1638564,Cedric Hatenboer
461963,976399,Celton Biai
561616,1084764,Chechu Martínez
1364188,2190878,Cheikne Kebe
1581040,2665822,Chinaza Onouha
1270796,1869973,Christ Tapé
244221,303634,Christian Burgess
710678,1119593,Christian Mutilva
1015770,2351811,Christian Raffa
898812,1154602,Christos Alexiou
1405490,2331642,Christos Gitonas
1197124,1979632,Christos Konstantinidis
1110135,1474791,Chrysis Evangelou
926763,1137584,Chuki
780817,1913386,Chupete
1020754,1990578,Chukwuma Eze
636127,2276914,Chus Villar
1270926,2220248,Claudio Pugliese
1148887,2020672,Clemens Lippmann
581640,1114427,Coke Carrillo
253817,789458,Craig Halkett
1470955,2462933,Cristian Carro Arceo
1271612,1910393,Cristian Pehlivanov
892059,1163748,Curro  Rivelott
1340654,2274260,Cesar Bonafe Ceita
1191770,1613841,César Álvarez
963511,2114349,Daan Visser
1293525,1959854,Dai Balde
625768,1407546,Damian Kelvin
689638,1153267,Damián Canedo
183843,232082,Damjan Vuklišević
1139098,2043593,Danel Belategi
1297991,1836619,Damian Fernandez
1061332,1916255,Dani Alcover
1254421,2142442,Daniel Bernabeu
1197368,1926106,Dani Fernández
1309178,2683371,Daniel Estévez
766764,1146107,Daniel Lidueña
945763,1414932,Dani Martinez
511023,913733,Daniel Gallardo
882823,1434518,Dani Merchán
834766,1428081,Daniel Torices
628496,1012440,Daniel Villahermosa
1088642,2418740,Dani van Loenen
1501499,2442976,Daniel Adjessa
1172585,1540412,Daniel Afful
937942,1466129,Daniel Budesca
421758,825070,Danijel Šturm
942960,1146629,Daniel van Vianen
1327495,1957684,Danila Buch
1046529,1479472,Dario Walti
1177939,2418759,Danyello Look
543836,910378,Darko Hrka
1071244,2725943,Darwin Kaan Soylu
353775,798676,David Akintola
1178816,1546390,Dario Ramirez
727578,1064208,David Astals
513526,909061,David Castro
710000,1010222,David Cuenca
806281,1500765,David Garden
372468,929640,David Grilo
1298195,1905294,David Kusso
1064137,2683372,David Domínguez
971693,1177189,David García
1112690,1500748,David Matei
1063543,2236458,David Gómez Montejano
895242,1179141,David Muñoz
636693,1142579,David Navarro
940793,1171397,David Nykrin
948261,1545211,David Serrano
387317,849698,David Pinto Robador
669517,996930,David Ruiz Montero
1193798,1867236,Davit Gogilashvili
955285,1146480,Davyd Fesyuk
1373489,2683374,David Vergara
891923,1151851,Dawda Camara
344695,798583,Dayot Upamecano
1178065,1960010,Deivid Hoxha
1135662,2110903,Dejan Suhovrsnik
296234,849723,Deco
620362,1005664,Dermot Mee
1120307,1517117,Destiny Ilahude
1208520,1614687,Diego Aguado
1124142,1489952,Diego Aznar
1106911,1892533,Diego Díaz
955993,2333377,Diego Fuentes
439488,849597,Diego Diaz
941104,1146323,Diego Gómez
767229,1142091,Diego Hormigo
710483,1168526,Diego Iglesias
895728,1400060,Diego Mina
554814,1526613,Diego Gómez
1065837,1632666,Diego Menendez
1035156,1430809,Diego Morcillo
731214,1011085,Diego Nieves
719721,2040482,Diego Tejón
1257132,1916131,Dieguinho
1160833,1614682,Dilan Zárate
890817,1163077,Dimitrios Stamatakis
616296,997132,Dimitrios Stournaras
947404,1176881,Diogo Bezerra
937729,1434543,Diogo Sousa
1524445,2683592,Djibril Ouziad
161869,123388,Djibril Sidibé
1309414,1978871,Dominique Moubeke
1009616,1584940,Dominik Drobnic 
892179,1423486,Dominik Babić
339122,1084436,Domi Berlanga
1305641,1917525,Duje Pranic
1137942,1596098,Duje Milišić
1305565,1966648,Douga Fofana
1023183,1383986,Drake Hadeed
1082543,1514629,Dyogo Alves
870285,1165955,Dušan Pavlović
1159661,2368703,Eddy Doué
979324,1425060,Eder Garcia
902747,1417710,Edmilson
887254,1164842,Edu Gallardo
1064601,1595498,Edu Llorente
924110,1479474,Efe Korkut
1180386,2677767,Efe Aghama
711367,1170459,Egoitz Arana
982007,1216296,Ekain Orobengoa
1064391,1518514,Egoitz Muñoz
1365842,2213490,El Hadji Seck
740517,1155425,Eldin Lolic
1123054,1893832,Ekaitz Redondo
1038182,1474267,Elijah Gift
991036,1405461,Elias Pitak
1159486,2478053,Elias Etringer
1303450,1971557,Elias Lahti
1175298,1955992,Emanuele Lulli
1105124,1609269,Elijah Scott
1183328,1952919,Emerson Pedro Vanga
890629,1400279,Emiliano Hernández
479144,884851,Emin Grozdanic
1189280,1893833,Endika Mateos
892217,1120373,Eneko Ortiz
938727,1550820,Eneko Ebro
349889,597948,Eneko Undabarrena
636303,1154383,Enol Coto
699607,1014687,Enol Rodríguez
1397080,2119630,Enric Pujol
1119881,2277165,Enzo Koffi
741295,1130600,Enrique Herrero
466637,861315,Ephron Mason-Clark
175722,146101,Eric Dier
648908,1402697,Eric Gómez
634108,1869129,Eric Pérez
276816,890314,Erkin Tapalov
1024189,1428532,Erik Riđan
938696,1477003,Erlantz Palacín
1385525,2270019,Erling Eliassen
510272,878569,Erlend Jacobsen
412934,951949,Eros Maddy
1066230,1941359,Eryk Kozłowski
1297520,1961772,Ertugrul Yigit
804386,1461961,Erwan Colas
815036,1134673,Etnik Brruti
299132,361586,Ethan Jolley
1178714,1936803,Ethan Apkakou
708369,998751,Esteban Aparicio
995235,1427551,Evripidis Pepis
921306,1479476,Eus Waayers
523166,1010358,Eudald Vergés
725963,1007935,Ewan Hatfout
1046966,1859977,Ezequiel Abadia-Reda
682047,978674,Ewerton
1107726,1652590,Ezra Mayers
1063597,1895863,Enaut Lete
1242714,2110358,Fabian Kvam
1135623,1886210,Fabian Merién
1007215,1566223,Fabian Schillinger
357251,1047736,Fabio Saiz
945773,1402974,Fabián Urzain
355791,823496,Fabrizio Brignani
275381,850023,Fabricio Bustos
728221,1003907,Facundo Farías
347193,877400,Facundo Mallo
1106524,1596558,Facundo Viveros
1008475,1594952,Facundo Alvarez
632370,1889995,Faysal Chouaib
976207,1525567,Federico Serra
1041648,1489166,Ferdinand Pohl
1171102,1585723,Fermín García
1005786,1210671,Fernando Perez
258825,813581,Fermín Sobrón
741285,1168290,Ferrán Quetglas
960584,1464254,Fernando Nava
1073631,1981976,Filip Matijašević
1460489,1937343,Ferran Seco
848439,1410165,Finlay Herrick
1540853,2669150,Flavio Ribeiro
930013,1515934,Florian Pruhs
1143375,1596636,Manga Foe Ondoa
671736,1481251,Fofin Turay
655629,1100356,Fotis Pseftis
537370,902092,Fran Carmona
724379,1006694,Francisco Castillo
1120241,1982588,Francisco Gallego
1254491,1942251,Francisco Sabina
1016063,1977345,Fran Rosales
891312,1466134,Fran Arbol
1335120,1972885,Francisco Dias
997500,1201516,Francisco Gómez
1429020,2237908,Franco Dominguez Avila
632080,964966,Franck Fomeyem
1172166,1819079,Franz-Ethan Meichtry
953858,1403074,Freek Entius
1067439,1925476,Fritz Fleck
803377,1525433,Fromsa Mateo Lillo Catalá
1334559,2045987,Gabriel De Vuyst
1363706,2492844,Gabriel Carioca
1228661,1895377,Gabriel Mec
842336,1130937,Gašper Vodeb
715622,1120944,Gael Alonso
1464920,2282980,Gabriel Indio
1033478,1801596,Gastón Valles
628490,1010370,Genar Fornés
396109,851231,Genaro Rodriguez
898021,1406146,Georgios Kyriopoulos
996424,1195202,Georges Nsukula
1323788,2155315,Germain Milla
716578,1164768,Germán Novoa Enríquez
1334900,1974982,Gianluca Okon-Engstler
1102425,1652148,Giannino Vianello
1077461,2038119,Giannis Bokos
937727,1410239,Gil Martins
1193791,1567319,Giorgi Kavlashvili
1383692,2169457,Giorgi  Chanturia
1019116,1493485,Giorgio Vezzosi
814473,1100418,Giovanni Daffara
1078784,1910431,Giulio Vinciati
926174,1153208,Givi Khachidze
1015809,1548920,Gjan Ajdin
1286069,2235358,Godfred Boakye
1368893,2725780,Gnangoro Bouare Samake
1063598,1985103,Gorka Carrera Zarranz
1342677,2454255,Gonzalo Gelini
940405,1429046,Gonzalo Serrano
1000136,1390614,Gorka Rivera
1186745,1520813,Gorka Gorosabel
497566,1119630,Goyo Medina
926369,1895382,Grégory Kelo
567504,1410332,Guilherme Fernandes
1157429,2019268,Gu Costa
258034,357740,Guga
1226703,1645868,Guilherme Gomes
696506,2703466,Guilherme Borges Guedes
1190412,1594459,Guillem Cardelus
1226594,1645667,Guille Berzal
602156,964173,Guillem Molina
458011,1099793,Gustav Nordh
1066093,1916263,Guillermo Macho
593337,985140,Hamed Al-Ghamdi
1157610,1626701,Guzman Ortega
1060899,1857290,Hamed Al-Shanqity
1379813,1963013,Hamidou Kante
1123335,1626550,Hamza Bellari
260859,847235,Hassan Kadesh
411267,847407,Harry Milne
290017,351434,Hassane Kamara
876065,1150928,Hayk Khachatryan
1032334,1391735,Hayder Abdulkareem
1433067,2239852,Henrique Poniewas
1083239,1459627,Henrique Silva
1200320,1913702,Hjalte Lærke
242882,263493,Higinio Marín
1288396,2268924,Hindrin Chooly
1112214,1470881,Hodei Arrillaga
556713,933433,Homam Al-Amin
891395,1515304,Hugo Ahl
1209714,2201210,Hudson Davis
1262787,1858279,Hugo Burcio
1176524,1580024,Hugo Barrachina
931385,1163764,Hugo Carrillo
17965,9048,Hugo Lloris
1060822,1901785,Hugo Pascual
1262309,2165565,Hugo Pinilla
715625,1430790,Hugo Sanz
1061254,2209948,Hugo San Modesto
1206877,1931626,Hugo Sochurek
945767,1429059,Hugo Solozábal
941132,2723234,Hugo Ríos Coto
948260,1478263,Hugo de Llanos
1173695,1645430,Hugo De Bustos
639246,1010634,Hyeon-gyu Oh
1450600,2324952,Håkon Melås Hellesøy
1451809,2683375,Héctor Areosa
655455,1009866,Héctor Martínez
1407702,2151008,Ian Tiraboschi
1305561,1918368,Héctor Pérez
1211929,2276906,Iaia Manco Danfa
834754,1137817,Ibai Sanz
1354775,1545061,Ibai Aguirre
634118,1087843,Ibaider Garriz
834753,1910719,Ibai Asenjo
938728,1594111,Ibon Badiola
364295,896544,Abdullahi Ibrahim Alhassan
668278,1164664,Ibon Ispizua
375885,843754,Ibrahim Sangaré
1473866,2445106,Ibrahima Cisse
1146422,1831195,Ibrahim Traore
1090954,1518551,Ifenna Dorgu
889630,1595071,Ignacio Tellechea
711371,1976865,Igor Irazu
343965,843835,Igor Zlatanović
789045,1133423,Igor Milioransa
710653,1381330,Iker Alday
1190515,1595531,Iker Abellán
834463,1563953,Iker Cordoba
635289,1888633,Iker Burgos
1191201,1545062,Iker Calderon
1171530,1533948,Iker Galindo Tolosa
1179482,1544428,Iker Luque
1027890,2724928,Iker Ivorra Rebelles
962150,2236478,Iker Pagazartundua
1124051,1934668,Iker Monreal Agundez
888290,1516595,Iker Pedernales
1367387,2723236,Iker  Gil Mendez
1012489,1977348,Iker Garcia
628461,1001830,Iker Recio
1322203,2330322,Iker Vadillo
1310356,2191010,Ilan Hurtevent
834492,1441821,Iker Varela
589216,2724924,Ilias Charid Sbaa
1169940,1855725,Iker Vidal
848089,1962142,Illaijh de Ruijter
634457,1392882,Imanol Baz
614217,949755,Imanol Barace
1160753,1936804,Isaac Cossier
746642,1915110,Isaac James
946282,1398533,Isaac Obeng
1201565,2725704,Imanol Ruiz de Illa
1303480,1914113,Isak Andersen
628466,997097,Isaiah Navarro
1061116,1962431,Ismael Fadel
886252,1801303,Isaiah Ahmed
718195,1137243,Ismael Sierra Arnal
1060845,1441664,Ismael Santana
1385630,2141294,Ismael Alvarez Martin
1177290,1912469,Ismail Diallo
1140586,1493473,Itay Hazut
916014,1487790,Isra Dominguez
1172614,2223107,Ivano Ora
713007,1002056,Itay Rotman
982836,1490336,Ivan Kukavica
940616,1177352,Ivan Garriel Muñoz
632929,1000678,Iván Castillo
1146037,2333469,Iván Medina
709381,1100581,Ivan Ramos
401910,1430604,Iván Moreno
718579,1593107,Iván Martínez
943868,2048776,Ivan  Rodriguez Martos
276080,348782,Iván Turrillo
1177948,1537512,Iwan Henstra
1060024,2235122,Izan González
1186243,1937347,Izan Regueira
1064603,1510278,Iván del Olmo
442767,909273,Iñigo Muñoz
1055860,1657024,Iñaki Rupérez
930600,1216291,Izan Yurrieta
709216,2257861,Iñaki Telletxea
766580,1513217,Jacobo Guzmán
1171426,2216005,Jacobo Martí
1456047,2723951,Iñigo Ramos Galvez
1186237,1949522,Jacobo Ortega
935244,1142685,Jaime Calleja Sánchez
1276682,2273024,Jaime Morillas
1178600,1605665,Jaime Vázquez
708498,1001991,Jaime Vallejo
632899,1000677,Jaime Sancho
1460849,2271273,Jakob Strand
1078215,1823940,Jakub Kolisek
1081906,1568510,Jamie Schuldes
912688,1165190,Jakub Vinarčík
290801,788375,Jamie McCart
1212054,2200129,Jakub Rabiczko
1118874,1823942,Jan Leszczyński
1165332,1974246,Jan Encuentra
709970,1114162,Jan Oliveras
704252,1195755,Jasper Meijster
932164,1417048,Jason Parente
1097224,1588663,Janderson
784722,1084835,Jaume Tovar
381524,914705,Jaume Pol
896016,1593891,Javier Castedo
456938,960049,Javier Avilés
821501,1143589,Javi Antón
862686,1594438,Javier Eslava
906442,1391411,Javi Garrido
632706,1593080,Javi Fontán
1124130,2313922,Javi Labrada
710009,1592172,Javi Lancho
464879,1428085,Francisco Javier Cuenca Palomo
709587,1542472,Javi Gómez
711394,1082215,Javier Martón
71204,175409,Javi Moyano
1250522,1832076,Javi Morcillo
972389,1101218,Javier Tapia
1328089,1975197,Javi Navarro
1088323,1636827,Javi Sola
401911,1982580,Javi Mérida
1005309,1431522,Javier Carbonell
741253,1142591,Javier Boñar
1160260,1526397,Javier Gil
1385448,2282845,Javier Olaizola
1232106,1862185,Jayden Onia Seke
1309326,1888650,Jay David Mbalanda
1305564,1924859,Jean Ives Valou
626592,976404,Jean Vercruysse
1063599,2124846,Javier Soroeta
1022523,1886360,Jeremiaha Maluze
460529,867712,Jeremy Ebobisse
1041934,1594156,Jeremy Jorge
1052786,2646797,Jesper Mosselaar
1469736,2342727,Jesper Rabben Nygård
522200,949460,Jerin Ramos
937950,1470066,Jesús Fortea
212216,798688,Jhonatan
1135611,1550775,Jesse Derry
1242183,2014656,Jivayno Zinhagel
834474,1153280,Joan Anaya
890718,1411034,Jimi Gower
1063342,1977566,Joan Prohens
948295,1545224,Joan Mascaró
1313969,1535575,Joan Oleaga
964563,1562659,Joan Martínez
635885,1384639,Joaquin Delgado
1324003,2173803,Joaquín Freitas
909683,1106689,Joan Puig
537458,957890,Joan Rojas Castilla
1105810,1111081,Job Ochieng
1322090,2138729,Jocelin Ta Bi
845512,1432276,Joaquín González
891922,1428800,Joel Priego
633114,1084416,Joel Jorquera
1178738,2235113,Joe Riley
1343067,2037820,Joel Romero
986873,1942346,Joep Geneste
926766,1170526,Johaneko Louis Jean
1047294,1510765,Johannes Siebeking
1089770,1605324,Joi Xheto Nuredini
379548,786969,Jokin Ezkieta
711380,1216301,Jon Balda
1063593,1546391,Jon Eceizabarrena
625064,1085405,Jon Guruzeta
941080,1145937,Jon Garcia
1178819,1545065,Jon Garro
295082,794951,Jon Sillero
634450,1164718,Jon Larrauri
197132,849534,Jon Tena Martinez
1384113,2150506,Jordan Arnolin
510229,1084419,Jordi Cano
1024739,1542618,Jordy Bawuah
408465,1010553,Jordi Méndez
1318977,1939058,Jorge  Candal Marquis
1460961,2271379,Jorge Domínguez
961086,1402996,Jorge Castillo
1138481,1594499,Jorge Galvañ
819384,1153406,Joris Aliukonis
888182,1525869,Jorge Rastrojo
1262996,1861680,Jorge Salinas
1176512,2428133,Joselillo Gaitán
692210,1142255,Josep Cerdà
785266,1084779,Joserra de Diego
750681,1149869,Joshua Farrell
1138200,1636037,Joshua Ajala
161056,259117,Joshua Kimmich
1169518,2412442,Jorge Sánchez Guerrero
825708,1429064,Josu Gallastegui
1291709,1916618,Josué Vergara
1084815,1871923,Josue Souza
931784,1399882,José Cambra
786235,1156546,José Antonio Bozada
974272,1392840,José Albert
715624,1120505,José Manuel Currás
396125,1010486,José Carlos Márquez
1060821,1604871,José Luis Català
1214150,2209944,José Luis Aranda
628471,1492445,José Luis Cortés
565242,951820,José Manuel Raigal
423172,869408,Jose Manuel Alonso
694182,1010532,José Mas
939765,1415434,José Melro
512365,2235114,José Ortega
831483,1429049,José Álvarez
700168,1067193,João Bravim
1083369,1961855,João Afonso
808443,1117776,João Guilherme
719723,1100401,Juan Aspra
126719,96368,Juan Bernat
968290,1395644,Juan Perea
1317650,2010515,Juan Díaz
708499,1001983,Juan Sebastian Serrano
1319364,2643384,Juanda Terrádez
1470456,2337435,Juanjo Flores
688747,1011054,Juanjo Sánchez
965893,1941130,Juanma Lendínez
834756,1636838,Julen Lartitegi
455379,849715,Julen Huidobro Betolaza
1046464,1847619,Jude Terry
1059292,2454149,Julen Zubelzu
1401779,2137673,Jules Ahoka
646699,1142570,Julian Brandes
1033581,1534058,Julien Friedrich
1261825,1974417,Julius Emefile
1032447,1594956,Julio Cabrera
625884,2300895,Julio Martínez
593822,1048047,Julliani Eersteling
702275,1049555,Julián Mahicas
1383851,2319874,Justino Barbosa
1004291,1445695,Jérémy Mounsesse
610253,951063,Junior Julio
1464878,2282985,Kadir Barría
959680,1513675,Kamika
504849,936849,Kaoru Mitoma
1242053,1885414,Karl Gameni Wassom
1211943,2050073,Karl Ward
928390,2019834,Karst de Leeuw
263801,609706,Kasim Adams
1271200,1929668,Kasperi Silen
1005653,1382923,Kauê
1213616,2268937,Kasper Solhaug
937072,1426633,Kaïs Barry
1097113,1518669,Kaïl Boudache
1506729,2452337,Kelvin Lamptey-Mills
891786,1120453,Kenan Toibibou
1178695,2198657,Kenny Quetant
810846,1508529,Kaylen Reitmaier
504152,1887643,Kenny Nielsen
930985,1500993,Kevin Kers
797461,1150090,Keo Boets
1064139,1604230,Kevin Sánchez
1034471,1428811,Khalid Noureddine
258916,784503,Kieran Dowell
941853,1462779,Kike Ribes
369523,885736,Kieran Wright
1169721,2334320,Kilian Belazzoug
1076505,1429552,Koby Mottoh
502345,941863,Klemen Mihelak
895333,1184311,Koke Iglesias
1223892,1638763,Koke Mota
945765,2721454,Koke San José
1337010,2331649,Konstantinos Papadakis
1112115,1588519,Konstantinos Panagi
906428,1400426,Kyrell Wilson
60603,44225,Kévin Théophile-Catherine
524929,891793,Kévin Zohi
1078984,1429076,Lacine Kone
566671,1001311,Lado Chikhradze
715679,1391437,Lalo Aguilar
1133737,2271091,Lamine Sadio
1427905,2228496,Lamine Diaby
1201529,1535581,Lander Astiazaran
1237073,1653718,Lander Emery
942103,1519010,Lapo Siviero
692020,1124289,Lasse Wilhelm
1064973,2259079,Lars Cooman
1116605,2057364,Larson
1299403,2334132,Lasse Eickel
1258790,2169104,Lautaro Ultra
1455524,2325647,Latif Issman
1150286,2216377,Laurent Mendy
1262206,2165016,Lazar Babic
1250436,2283472,Leo Hofstadter
897505,1427148,Lazar Jovanović
940858,1479682,Leo Shahar
1054511,2677352,Leo Stucki
1004914,1427150,Leon Mason
891869,1424560,Leonardo Colombo
348756,783478,Leonardo Lopes
1378338,2311163,Linus Guther
1318907,1937348,Liberto Navascués
1130743,2066755,Lorenzo Berardi
1168024,1868065,Lorenzo Nyarko
1256478,1855375,Lorougnon Gohi
1294853,1995000,Louis Lemke
1060904,1974256,Louis Passavant 
999886,1417059,Loun Srdanovic
973690,2030236,Luca Lohr
937066,1426622,Luca Băsceanu
1074990,1937833,Luca Reggiani
1162413,2255221,Luca Vozar
1186213,1546204,Luca Raffin
709998,1049200,Lucas Alcazar
1093929,1647540,Lucas Cafe
857653,1089895,Lucas Calodat
1298375,1836761,Lucas Cornejo
941561,1389913,Lucas Bretelle
1087843,1466549,Lucas Furtado
987355,1586637,Lucas Jetten
1061650,1971651,Lucas Madrigal
407841,931473,Lucas Paes
1200328,1939361,Lucas Núñez
1004516,1804805,Lucas Terrer
1356259,2215342,Lucas Sarasketa
935499,1179146,Lucas Pérez
520994,879934,Lucas Ventura
1468561,2139116,Lucca Vetter Paulino
449353,1171456,Lucien Dähler
1307181,2641454,Lucca Giuntini
1122593,2329214,Luis Morcillo
473402,863388,Luis Chacón
512103,900327,Luis Alcalde
806007,1393424,Luis Seifert
742864,1218086,Luis Quintero
722280,1638813,Luismi Gutiérrez
398183,913706,Luismi Redondo
628882,1916258,Luismi Luengo
717960,1901777,Luis Sanchez
981082,1128821,Luka Kolar
685484,2216257,Luka Duric
1329649,1858174,Luka Banović
848657,1146240,Luka Lecic
345587,837013,Luka Racic
48015,15219,Lukáš Hrádecký
1256306,2207441,Lukas Ceh
1255744,1960315,Lushendry Edward Martes
964190,1539149,Luken Beitia
1022594,1462709,Leo Jacó
826490,1520736,Luis Gomes
351894,822509,Léo Santos
718460,1196091,Lukas Petersson
1091673,2677355,MJ Kamson-Kamara
554304,1106336,Léo Ribeiro
1259986,1957761,Malik Pimpong
1042882,1566276,Malte Heyde
1118876,2304964,Maciej Kuczynski
1465427,2539548,Manasse Kianga
1427892,2236496,Manex Lozano
1105948,1526308,Mamedi Doucoure
1133729,1542782,Mamadou Diallo
1455733,2325649,Manex Rezola
682582,1009903,Manolo Molina
1540899,2701817,Manfa Keita
1141842,1584951,Mansur Birkurmanov
1308519,2214471,Manoël Verhaeghe
593357,964977,Manu Justo
628464,998748,Manuel Lama
940464,1145644,Manuel Serrano Salazar
715818,1108591,Manuel Toledano
1064469,2212821,Manuel Rodríguez
1010120,1214993,Manuel Mendonça
1066827,1567891,Manuel Kalafatis
1053186,2722895,Manuel Vizoso Rodas
943512,1978288,Manuel Obón
627293,1430540,Manin Gonzaga
989396,1978045,Marc Angles
1018563,1391615,Marc Aznar
989115,1186926,Marc Bombardo
1060823,2167117,Marc Delgado
659317,1406947,Marc Giger
617073,1391612,Marc Domenech
943867,1481916,Marc Rodríguez
1061614,2416092,Marc Jurado
845626,1094761,Marc Vargas
711631,1142095,Marcelo Expósito
491690,962030,Marcelo Weigandt
1438038,2249092,Marcelo Vaz
215167,307036,Marco Bleve
1290246,1948908,Marcis Kazainis
720035,1892530,Marco Carrascal
1254166,1893371,Marco Leiton Acros
30825,32934,Marco Rubén
703936,1009525,Marcos Bravo
709804,1164676,Marcos Cuenca
636147,1137751,Marcos Bustillo
1184099,2024916,Marcos Sevila
945713,1523969,Marcos Moreno
1131898,1590742,Marcos González
827984,1626662,Mariano Carmona
316202,772347,Marián Tvrdoň
556059,1082965,Marino Illescas
1048583,1479498,Marino Skelin
1114719,1531155,Mario Cantero
677181,890904,Mario Losada
166173,137095,Mario Kvesić
786039,1084759,Mario García
941130,1146310,Mario Nájera
98247,347538,Mario Martos
1176520,1542791,Mario Rivas
901736,1164725,Mario Sesé
568148,984622,Mario Soriano
939834,1502942,Mark Hamm
1078990,1522436,Markel Arana
888271,1516606,Markel Artetxe
1059469,2328787,Markel Ruiz
1152022,2204654,Marlon van de Wetering
575723,1394922,Martim Duarte
1121428,1481192,Marko Zebić
1077676,1952390,Martin James
1164330,1924868,Martin Pedroarena
1297633,2662246,Martin Ponsot
1010671,1389779,Martin Rossignol
1291943,2270028,Martin Lund Andersen
636118,1034139,Martín Solar
983525,1525787,Martin Ochoa
125769,76160,Marvin Peersman
1205973,2261270,Matej Strika
1013087,1197736,Matej Malenšek
1009632,1584944,Mateo Acimovic
1069509,2066839,Matej Tuka
636120,1216292,Mateo Gandarillas
1038746,1578653,Mateo Prevedini
1018353,1513699,Mateusz Pruchniewski
1220180,2231192,Mateus Jose Iseppe
980036,1177559,Matheus Sampaio
1223956,1634207,Matheus Mattara
1007801,1461834,Mathias Engevik Klausen
1070980,1861977,Mathieu Nguefack 
1452360,2456960,Mathieu Seyram
1193849,1937835,Mathis Albert
1167990,1992105,Mathis Mout
1060456,1542493,Matia Barzić
1020863,1398914,Matic Ivanšek
344886,787827,Matthieu Udol
719382,1064454,Matteo Waem
937107,1393695,Matt Lendfers
781812,2213526,Matties Volckaert
1197636,2188102,Matthijs Kalisvaart
1173528,1981101,Matúš Tomáško
720517,1511956,Matias Barboza
552638,871837,Matías Tagliamonte
537366,998770,Maurizio Pochettino
290654,900341,Mauro Cabello
972730,1518156,Mawuli Mensah
807309,1386495,Max Nielsen
1052838,2024614,Mauro Costa Bueso
962126,2268032,Max Alex Petersson
1162925,1989789,Mekhi Gray
1579035,2662226,Melker Ahlstrand
775984,2276919,Merijn van de Wiel
1297674,2199216,Mezian Mesloub
444027,845114,Michalis Papastylianou
1049590,1500594,Meshak Babanzila
1161772,1482697,Michał Perchel
1061159,1425335,Michiel Haentjens
876103,1597535,Michel Ayvazyan
634489,1082967,Miguel Berlanga
1393997,2588613,Miguel Calatayud
938726,1442149,Miguel Barandalla
1453065,2238907,Miguel Cubo
1085296,1435912,Miguel Freckleton
900368,1163741,Miguel Cuesta
1412007,2291621,Miguel Patricio
1143878,2024915,Miguel Prieto
710006,1516447,Miguel Romera
466813,1084642,Miguelete
721660,788142,Mikel Rodriguez
1056956,1102713,Mikel Santos
705881,1594070,Mikel Serrano
638210,1170787,Mikel Zabala
595240,1196518,Milan Hokke
711639,1092378,Miki Codina
1448199,2638525,Milton Käld
1060722,2198357,Moha Bassele
1044495,1410222,Mofe Jemide
1081995,1523623,Mohamadou Kanté
611070,966303,Moha Keita
1069037,1893086,Mohamed Ali Diadié
1372355,2670946,Mohamed Malang Touré
1169185,1133141,Mohammed Abdulrahman
426943,841003,Mohammed Djetei
509914,920497,Mohammed Al-Yami
975383,1168640,Mohammed Al-Absi
1020850,1475444,Mohammed Barnawi
174094,250133,Morgan Sanson
706100,1163315,Moró Sidibe
906899,2723962,Mohamed Sanoussi Kaba
46001,27014,Moussa Sissoko
1460541,2270731,Moussa Diallo
1457962,2266016,Mubarak Suleiman
1083245,1589354,Murilo Rhikman
1292415,1929397,Mukhamedali Abish
1074066,1150312,Murad Mammadov
1141179,1931662,Mussa Kaba
882708,1114426,Musa Drammeh
1456041,2725705,Muhammad Mustapha Hussaini
991480,1489216,Naba Mensah
466336,881215,Nahuel Ferraresi
379739,914829,Nacho González
719722,1152182,Nacho Martín
1297635,2456508,Nassim Laarej
628618,1143179,Nassim Zoukit
666954,1002559,Nassourou Ben Hamed
837084,1905537,Nathaniel Nicholas
1075143,1861981,Natnael Abraha
656096,1048015,Nathan Zohoré
1161403,1648295,Nazar Domchak
294334,360892,Nauzet Garcia
1392804,2111739,Ndjicoura Bomba
775244,1403085,Neal Viereck
853197,1130794,Nelson Okeke
961902,1916265,Neco Celorio
862606,1486729,Nesta Elphege
983843,1186955,Neneca
806384,1509752,Nick Fichtinger
639974,1133405,Nick de Groot
674122,1595873,Nico Espinosa
1236856,1892023,Nico Guillén
1455545,2735066,Nico Lopez
1183180,1545226,Nico Sánchez
1048013,1798927,Nicola Grandu
255942,363856,Nicolò Barella
1164444,2207444,Nicolo Puddu
705700,1084435,Nico Van Rijn
250683,352728,Nikita Contini
916242,1121855,Nika Sikharulashvili
949389,2076815,Niklas Mohr
496237,909982,Niklas Steffen
930390,1150951,Nikolas Brandis
569080,1021408,Nikola Ćetković
1392025,1988338,Nikoloz Bochorishvili
946256,1387951,Nil Ruiz
628491,1010524,Nil Jiménez
1240709,1806943,Nikoloz Dadiani
847498,1625485,Nils Eggens
1354880,2419210,Nizar El Jmili
491032,997145,Nino Vukasović
1169041,2009974,Noa Boissé
1227404,2230561,Noach Shenkman
1293975,2613189,Noa Thomas Ojea Cobiella
1231372,1383912,Noam Shahar
501454,930933,Noah Christoffersson
1077674,1937806,Noah Nsoki
1035533,1922370,Nohim Chibani
338024,811446,Noel Carbonell
503987,966547,Noni Madueke
1309177,2414019,Noé Carrillo
1064401,1982494,Ntji Tounkara
1250516,2319881,Noel González
1072848,1426252,Numan Ajetovikj
1210902,2240933,Nelio Batista
1144096,1897045,Ognyan Vladimirov
666513,1002406,David Nzanza
521331,1407863,Nyamekye Awortwie-Grant
318508,788784,Olivier Boscagli
925045,1563593,Oleksandr Pyshchur
625043,1136699,Oier López
1296862,2660376,Olaf Pankiewicz
1400913,1654888,Olle Lindberg
869458,1126850,Omar Sadik
1019145,1594502,Omar Ouhdadi
617070,997037,Oriol Soldevila
1020855,1168604,Osama Al-Mermesh
376702,841079,Oscar Buch
710180,1416970,Oscar Carrasco
636134,1586212,Oscar Marotías
1209442,1885628,Oskar Haugstrup
1292977,2185579,Oskar Kubiak
821350,1173623,Oskar Wójcik
1131926,2157303,Osman Turay
1032280,1534422,Oso
997947,1589358,Otávio Costa
1073176,1651830,Oumar Pona
962149,1542807,Ousmane Diallo
586987,1067113,Ovie Ejeheri
1245283,2064513,Pablo Barea
1118682,1916211,Pablo Felipe
1441308,2268185,Pablo Iturria
1085992,1866972,Pablo García
996418,2399599,Pablo González Meixús
720519,1540289,Pablo Molina
1073865,1429477,Pablo Parrilla
711628,1032939,Pablo Pérez
634110,1594117,Pablo Santiago
934169,1142100,Pablo Rivera
1243691,1858415,Pablo Pascual
1526458,2543394,Christoforou Panagiotis
1487539,2466135,Panagiotis Biniaris
751633,1164723,Pablo Rodríguez
833379,1605373,Pantelis Michail
1337084,2112915,Papa Ba
860297,1928472,Papa Daniel
1150372,1512474,Patricio Salas
1303960,1916066,Papa Magueye Gaye
1099652,1459308,Patrick Ouotro
459665,970998,Patrizio Masini
378482,821628,Patrick Sequeira
947460,1595662,Pau Mascaró
366931,1010527,Pau Martínez
510745,1428799,Pau Darbra
601666,944258,Paul Ayongo
1080555,2160258,Paul Erevbenagie
1147892,2058751,Pau Palacín
906397,1429023,Pau Perez
1371793,2049928,Paul Mendy
1064377,1411105,Paul Okon-Engstler
634928,1151652,Paul Álvarez
1118088,2205659,Pavlos Kenourgiakis
905189,1522999,Pavlos Pantelidis
995525,1608379,Pavel Kačor
786291,2701146,Pedro Cancelo
752592,1101424,Pedro Barcelos
1260542,2116643,Paweł Pakieła
1082581,1485292,Pedro Felipe
1005424,1510706,Pedro Jesus
1580906,2688314,Pedro Jesus
290508,838502,Pedro Pacheco
303248,369780,Pedro López
696504,1091103,Pedro Rosas
698454,1131261,Pedro Teixeira
937571,1511724,Per Kloosterboer
605527,1010341,Peque Polo
1003716,1901884,Per van Loon
942034,1500275,Petar Petrović
1135730,1913383,Pere Marco
625663,1216313,Peru Ruiz
1506539,2141653,Peter Nnaemeka Ugwuodo
1191495,1563613,Petros Petrou
900072,1132766,Philip Brittijn
155202,123875,Piotr Parzyszek
1084756,1587294,Plamen Penev
647955,982442,Quadri Liameed
1461224,2598096,Pol Cabanes
1081338,1462023,Quicala Bari
1046726,1647709,Radek Siler
1057394,1465149,Rafa Rodriguez
632904,987423,Rafa Tresaco
783880,1152186,Rafael Diz
447495,925920,Raghed Al-Najjar
1078985,1432202,Rafael De Palmas
910538,2069061,Raif Adam
230631,812741,Raivis Jurkovskis
546530,866392,Raniele
624905,997034,Ramon Vila
1283819,2028446,Raphael Teixeira Ramos Nunes
1388066,2522960,Rareș Vlad
566875,1084386,Rafinha
449444,1022491,Raul Florucz
1119338,1634397,Rayan Mandengue
1587317,1754468,Anthony Raymond
1135428,1653041,Rayan Khalid Al-Dossary
611172,1009853,Raul Alcaina
1080907,2731107,Raúl Alarcón Luque
591094,949724,Raúl Hernández
636096,1069709,Raúl Blanco
1043827,1409931,Reda Ergouai
1129175,1937396,Raúl Martínez
1120216,2590142,Reis Bakalli
888024,1153235,Revaz Kurtanidze
743831,1411159,Renato Santos
902869,2217380,Rica Rocha
1253815,2030204,Ricardo Bordon
1064187,1944645,Rik Suur
569866,958018,Roberto López
353634,935308,Robert Ljubičić
170504,1084684,Robin Lafarge
1107966,1470069,Roberto Martín
990010,1493773,Robin van Duiven
696656,1133623,Rodrigo Andrade
1181926,1485396,Rodrigo Borzone
1457605,1603114,Rodrigo Catraio
489212,988347,Rodrigo Fernandes
1133939,2524352,Rodrigue Dipanda
510782,867608,Rodrigão
787362,1084418,Roger Colomina
441622,842743,Roger Escoruela
973449,1175240,Rogers Mato
1456243,2319885,Roi Currás
1411272,1484514,Roko Gabrić
570721,929658,Roko Jurišić
740558,1149260,Roman Horák
272619,873421,Romain Cagnon
1176521,1542813,Romeo Hueso
1174523,2216557,Roman Murcy
882003,1398500,Ronaldo Webster
815041,1134666,Ron Raçi
1159439,2217897,Rouven Tarnutzer
967030,1168304,Rubén Cantero
907085,1864750,Ruben Müller
941115,1592334,Rubén López
709336,1407702,Rubén Gómez
1056655,1496078,Ruben Quintanilla
715686,1462063,Rubén Torres
635307,1431561,Rubén Serrano
1218407,1638173,Rubén Richarte Lacida
168152,139248,Rudi Požeg Vancaš
1453001,2683818,Rune Verheyden
567529,1885496,Rui Pedro
193861,799212,Ryan Fulton
858720,1978289,Runy
877787,1105850,Ryan Guilherme
1187640,1826151,Ryan McAidoo
538970,1402293,Ryan Merlen
1143430,2360419,Ryan Metu
1275528,1883363,Ryan Roberto
203357,333571,Ryan Thomas
597201,1093507,Rúben Pereira
1180074,1797651,Saad Haqawi
1401121,2329114,Saba Avdoevi
242267,818779,Saleh Al-Shehri
796894,1515600,Severin Sabri Guendouz
559330,1067114,Salah Oulad M'Hand
274746,327419,Saku Savolainen
1026524,1514221,Samuel Amissah
1052803,2193004,Sam de Laat
1380977,2269705,Samba Konaté
987359,1545279,Sami Bouhoudane
1003958,1976861,Samu Mayo
1209285,2008273,Samu Fernandez
1064412,1899978,Samu Almagro
1228715,1916268,Samu Rodríguez
1106905,2197891,Samuel Calera
1372515,2063748,Samuel Isife
981700,1566349,Samuel Nibombe
1295778,1985772,Samuel Wiafe
1058359,1861666,Samuele Inacio
1122925,1484980,Sander Ballero
1429984,2209303,Santi Franco
1138089,1485255,Santiago Beltrán
1293133,2040835,Santiago Serra
1197922,1819633,Santiago Segovia
369567,870038,Saša Kalajdžić
1301010,1912930,Sebastijan Kajtazi
1104230,1469274,Sanyika Bergtop
1229026,1653138,Juan Sebastian Zeballos
981969,1625471,Sem Eekhout
1061660,1513673,Selvi Clúa
1131462,1892762,Sekou Djanbou
1054931,1522234,Selu Diallo
633095,1895962,Sergi Armero
891937,1120502,Sergi Baldrich
789792,1428793,Sergi Molina
1146618,1544621,Sergi Torner
617054,962892,Sergi Serrano
722351,1119678,Sergio Arribas
935456,1142580,Sergio Diez
709338,1651330,Sergio Camacho
1319952,1939329,Sergio Esteban
1479321,1901546,Sergio Gutierrez Guti
558890,1430685,Sergio Gómez
973314,1403015,Sergio Mestre
715690,1486787,Sergio Navarro
490616,964856,Sergio Nieto
1393961,2727193,Sergio Martínez
1125079,2204961,Shafiq Nandja
926309,1465865,Shea Lacey
1035894,1922528,Si-woo Yang
1154528,1975933,Park Si-hoo
499855,996859,Sigurdur Hallsson
919669,1461516,Simone Cinquegrano
1058366,1912962,Simone Lontani
357983,865538,Simone Ghidotti
1176511,1542825,Simón García
703362,1174298,Simón Luca Pérez
825670,1513251,Sofiane El Ftouhi
891833,1403093,Skye Vink
1253751,1931553,Sondre Blumenfeldt Vindenes
734581,1113662,Soumaila Bakayoko
883283,2717909,Soule Sidibe
1177734,2657920,Spyros Christakopoulos
1219125,1631240,Sorriso
240178,118624,Stas Pokatilov
1171602,1536770,Stanley Iheanacho
388125,921417,Stanko Jurić
845857,1146227,Stefan Pirgić
198613,188335,Stefan Simic
1025989,1466561,Stefan Smarkalev
718032,1082963,Stephane Keller
1268078,1629289,Stephen Acquah
1045695,1546878,Stefan Golubovic
780990,860168,Steve Solvet
184398,151118,Stephen Kingsley
435045,830126,Sultan Al-Ghannam
1231105,1823976,Steven Stoyanchov
210349,818568,Sultan Mandash
1214320,1626200,Sydney Osazuwa
1009603,1584953,Sven Šunta
746987,1186861,Sven Simons
1113253,1476275,Szilárd Szabó
603619,952416,Taliby Konate
668941,1510503,Sekou Fofana
500246,1089084,Szymon Pankiewicz
1114187,1563578,Taufik Seidu
522784,877013,Valentín Castellanos
1182322,1591488,Tao Paradowski
1354340,1991754,Telmo Zarandona
1068963,1413656,Teo Helge
927269,1381595,Teodor Ivanov
1061416,1606643,Teo Ingilae
1178818,1540047,Theo Folgado
984093,1148442,Thiago Balieiro
1152029,1892620,Thijs Muller
1077465,1406144,Thiago Romano
222209,227212,Thomas Strakosha
801762,1048890,Théo Eyoum
796885,1131011,Théo Le Normand
957740,1184330,Tiago Andrade
742459,2657556,Tiago Octavio
1174032,1927719,Tidiane Devernois
632710,1525886,Tiago Rodríguez
720805,1445965,Tijn Smolenaars
85534,142470,Tim Boss
1016034,1939010,Tijme Wessels
1162968,1861987,Tim Schnitzer
946616,2213235,Timo Schreuder
604817,1130617,Tim Spycher
1268194,2685708,Tiago Ferreira
1042870,1566322,Tobias Breum-Harild
933350,1630988,Tincho Conde
1187621,1591001,Tobias Pališčák
1087982,1939011,Tobias van den Elshout
572051,1017654,Tobias Sommer
1460847,2271269,Tobias Solbakken
954082,1995013,Tom Wisbereit
900037,1900000,Tom Akpakoun
1283968,1923055,Tomy Carbonell
695643,989074,Tom Renaud
1322355,2050771,Tomás Aranda
270187,597500,Tomas Sanchez
1041169,1394379,Tomás Silva
709967,1153338,Toni Caravaca
589768,1010385,Ton Ripoll
709346,2162501,Toni Gabarri
875156,1145170,Toni Ramón
1381483,2063059,Toumani Diakite
555118,914383,Toño Calvo
1049911,1402850,Tyler Fletcher
668272,1137857,Trilli
1226602,1651326,Umaru Konare Tounkara
1018026,1526395,Ukko Happonen
1072738,1979997,Tómas Óli Kristjánsson
625016,1106441,Unai Pérez
629384,1164653,Unai García
937943,2270748,Unai Rodríguez
718029,1018197,Unai Ropero
1062966,1526574,Unax Agote
1517996,2677606,Unai Sabroso
962144,2012662,Unax del Cura
1354770,1535615,Unax Ayo Larrañaga
1064419,1942192,Usse Diao
634106,2235109,Urko Collado
1056960,2235110,Urtzi Albizua
953852,1400287,Valentin Jaichenko Francalancia
866255,1547464,Valerio Farcomeni
1064122,1898413,Valen Gomez
491703,1200406,Valentín Gasc
1100752,1587296,Vasil Kaymakanov
657429,1063375,Vasco Moreira
741251,1464650,Vicent Abril
979855,1917859,Victor Corral
1329907,1990955,Vasileios Lavdas
1042877,1566302,Victor Gustafsen
1053009,1563452,Victor De Coninck
979787,1482765,Victor Sanchez
1455349,2276079,Víctor Edo
707608,1175463,Victor Valverde
1161671,1562340,Viktor Vitályos
1176783,1957879,Villads Rutkjær
213605,242054,Vitinho
1140556,2035657,Villum Dalsgaard
1197113,1979666,Vladimiros Savva
1052859,1484981,Vladyslav Kopotun
1117939,1606686,Vuk Pavicevic
263343,943803,Víctor Alonso
1066186,2039192,Víctor Mingo
895335,1184319,Víctor Moreno
721468,1595659,Víctor Morales
932354,1595510,Víctor Rodríguez
1399189,2543366,Victor Villote
1031292,2436887,Walace dos Santos França
199375,227924,Victor Ruiz
687361,989385,Welinton Torrao
990008,1562510,Wassim Bouziane
1018224,1513057,Wiktor Nowak
868073,1105598,Vitor Hugo
1177941,2213698,Wiebe van der Heide
1149884,1508532,Wiebe Kooistra
1115583,1957886,William Faber
931525,1410226,Wout Asselman
636398,1411141,Xabier Dominguez
710672,1398517,Xabier Irurita
566931,997183,Xavi Simons
1018912,1546073,Xavi Espart
947115,1464651,Xavi Grande
709971,1153345,Xavi Moreno
1265965,2052700,Xiangxin Wei
1297638,2456506,Xavier Mandza
569876,930269,Xavi Sintes
284855,858188,Yael Ballesteros
625647,1164477,Yago Cantero
1125701,1429483,Yago Rodríguez
1061025,1434209,Yaseen Al-Zubaidi
1299566,1931573,Yanis Musuayi
207834,360938,Yassine Bounou
1235502,2230527,Yassin Moslih
814286,1084446,Yasser El Arbaoui
927795,2084710,Ye-geon Kim
1133733,1542818,Yaya Diémé
655525,1000252,Yeferson Paz
942988,1164997,Yayo González
217153,813842,Yelko Pino
1163638,1485263,Yeimar Mosquera
848514,1150431,Yeray Cabanzon
613040,966384,Youness Lachhab
980854,1512551,Ythallo
1048758,1901687,Yussif Owusu
1155231,2509302,Yussef Flalhi Idrissi
654511,1083013,Yuya Yoshimura
1041129,1479355,Yvan Maye
1209286,2058724,Yussif Saidu
123349,106142,Zakaria Labyad
519651,979476,Zakaria Eddahchouri
1325371,2260484,Zachary Zalewski
1173952,1587245,Zois Karargyris
1263818,2606293,Zan Luka Sega
406151,945448,Zé Pedro
633111,1136863,Álex Calatrava
1166534,1002876,Alex Costa
718574,1137632,Álex Daza
932350,1391442,Alex Gil
891107,924663,Alex Guti
279406,909057,Álex González
1137322,1594557,Álex Lizancos
1225848,1979290,Alejandro Monerris
1062525,1593922,Álex Serradell
1151630,1526651,Alex Rubio
1069692,1977332,Alejandro Toper
1460537,2270745,Alvaro Alcaide
1344057,2414425,Álvaro Fraga
1305792,1929542,Alvaro Garcia-Pascual
636122,1580580,Álvaro Gete
1064403,1855438,Álvaro García
1245284,2723685,Álvaro Justo
398165,933701,Alvaro Gomez Martin
1036451,1402668,Alvaro Killane
1066225,2296584,Álvaro Lezcano
783873,1168310,Álvaro López
551233,1102526,Álvaro Mayorga
938695,1519971,Álvaro Marín
1064475,1464640,Álvaro Santos
323462,850482,Álvaro Pérez
632743,1010509,Álvaro Ramón
948276,1516444,Angel Carvajal
1064465,1832051,Ángel Arcos
1139424,1968522,Angel Climent
897521,1123218,Ángel Recio
1171468,1594963,Ángel Gómez
1564704,2725787,Ángel Dávila
1118987,1479511,Óscar Mesa
536823,904966,Óscar Castro
632367,2699438,Oscar Sanz Naval
1028507,2235118,Óscar Vacas
#
# --- Unresolved: fill in the middle column by hand and uncomment. ---
# Find the id in the profile URL: sofascore.com/player/{slug}/{id}
# 1188907,,Abdulkarim Darisi   -- dob-mismatch:1
# 447938,,Abel Pascual   -- dob-mismatch:1
# 441191,,Abdulrahman Al-Oboud   -- dob-mismatch:1
# 1375377,,Adam Guram   -- dob-mismatch:1
# 225463,,Adri Paz   -- dob-mismatch:5
# 534373,,Adrián Expósito   -- dob-mismatch:1
# 341263,,Adrián Dela   -- dob-mismatch:5
# 497229,,Adrián Pérez   -- dob-mismatch:5
# 1162017,,Adrián Pérez   -- dob-mismatch:5
# 895480,,Adu Ares   -- dob-mismatch:1
# 606498,,Agüero   -- dob-mismatch:5
# 1189287,,Aitor Galarza   -- dob-mismatch:1
# 652329,,Aitor Gelardo   -- dob-mismatch:1
# 1171600,,Alamara Djabi   -- dob-mismatch:1
# 834736,,Aleix Gorjón   -- dob-mismatch:1
# 1044645,,Alejandro Palop   -- dob-mismatch:1
# 614548,,Alex Camacho   -- dob-mismatch:5
# 669516,,Alex Jiménez   -- dob-mismatch:5
# 1335512,,Alexander Shaw   -- dob-mismatch:2
# 1509668,,Alonso Nyada   -- dob-mismatch:1
# 1144938,,Alvin Petit Dol   -- dob-mismatch:1
# 945467,,Amiran Dzagania   -- dob-mismatch:1
# 984440,,Anai Morales   -- dob-mismatch:1
# 1536479,,Amit Ohana   -- dob-mismatch:2
# 635570,,Ander Dufur   -- dob-mismatch:1
# 157535,,Andreas Bouchalakis   -- dob-mismatch:1
# 724035,,Andreas Ntoi   -- dob-mismatch:2
# 1219485,,Andrey   -- dob-mismatch:5
# 1064126,,Andrés Carmona   -- dob-mismatch:1
# 632931,,Andrés Borge   -- dob-mismatch:3
# 950111,,Angelos Neofytou   -- no-hits
# 1092623,,Anthony   -- dob-mismatch:5
# 718580,,Antonio Marchena   -- dob-mismatch:1
# 568156,,Antonio Pacheco   -- dob-mismatch:3
# 923129,,Antzelo Sina   -- dob-mismatch:1
# 324811,,Arnaud Nordin   -- dob-mismatch:1
# 962090,,Artem Smolyakov   -- no-hits
# 1025207,,Arnau Forés   -- dob-mismatch:2
# 1413814,,Athanasios Sitmalidis   -- no-hits
# 1137080,,Ayman Arguigue   -- dob-mismatch:1
# 941567,,Baba Diocou   -- no-hits
# 1117692,,Azael García   -- dob-mismatch:2
# 1004739,,Bahia   -- dob-mismatch:5
# 246968,,Ayoze Pérez   -- dob-mismatch:5
# 1194052,,Benjámin Gólik   -- dob-mismatch:1
# 1063582,,Beñat Arratibel   -- dob-mismatch:1
# 440755,,Benny   -- dob-mismatch:5
# 719646,,Bernardo   -- dob-mismatch:5
# 576354,,Beñat Gaubeka   -- dob-mismatch:1
# 709636,,Bolo   -- dob-mismatch:5
# 1461598,,Brage Haugen   -- dob-mismatch:1
# 1455976,,Bruno Galassi   -- dob-mismatch:1
# 367255,,Bruno   -- dob-mismatch:5
# 1500420,,Bruninho   -- dob-mismatch:5
# 581669,,CJ Egan-Riley   -- no-hits
# 902878,,Busi   -- dob-mismatch:5
# 1101300,,Capi   -- dob-mismatch:2
# 964264,,Carles Garrido   -- dob-mismatch:1
# 1122898,,Caio   -- dob-mismatch:5
# 628494,,Carlos García-Die   -- dob-mismatch:1
# 204096,,Carlos Blanco   -- dob-mismatch:5
# 1124677,,Champi   -- no-hits
# 1371221,,Cheikh Mbacké Diop   -- dob-mismatch:1
# 1020652,,Chico Gonçalves   -- no-hits
# 1403799,,Choco   -- dob-mismatch:5
# 729187,,Chiqui   -- dob-mismatch:5
# 1066074,,Christos Evzonas   -- dob-mismatch:1
# 1008508,,Christian Díaz   -- dob-mismatch:5
# 1363885,,Csongor Lakatos   -- dob-mismatch:1
# 662335,,Cristian   -- dob-mismatch:5
# 1582293,,Costinha   -- dob-mismatch:5
# 929612,,Danel Dongmo   -- dob-mismatch:1
# 547255,,Dacu   -- dob-mismatch:5
# 708900,,Dani Perejón   -- dob-mismatch:1
# 1335593,,Dani Fernández   -- dob-mismatch:5
# 1018561,,Dani Pérez   -- dob-mismatch:5
# 441107,,Dani Ramos   -- dob-mismatch:5
# 1594685,,Daniel Igweike   -- no-hits
# 1093703,,Danilo   -- dob-mismatch:5
# 746358,,Daniel Jr   -- dob-mismatch:5
# 711963,,David López   -- dob-mismatch:5
# 944009,,David López   -- dob-mismatch:5
# 1064712,,David Márquez   -- dob-mismatch:5
# 645924,,Davo   -- dob-mismatch:5
# 1078164,,Demi Akarakiri   -- dob-mismatch:1
# 435406,,Demba Thiam   -- dob-mismatch:3
# 1378533,,Diego Arcos   -- dob-mismatch:3
# 720532,,Diego Bri   -- dob-mismatch:5
# 590687,,Diego Villares   -- dob-mismatch:1
# 956677,,Dániel Radnóti   -- dob-mismatch:1
# 1118515,,Eder Larrea   -- dob-mismatch:1
# 590691,,Eduardo Cabetas   -- dob-mismatch:1
# 251046,,Einar Galilea   -- dob-mismatch:1
# 1227106,,Elías Legendre Quiñónez   -- dob-mismatch:1
# 927733,,Emanuel Moreira   -- dob-mismatch:2
# 1136980,,Emmanuel Chigozie Owen   -- no-hits
# 529425,,Ennio van der Gouw   -- dob-mismatch:1
# 1027788,,Enzo Vagner   -- no-hits
# 1510007,,Eric Benítez   -- dob-mismatch:1
# 1180021,,Erick Belé   -- dob-mismatch:1
# 1191473,,Everton   -- dob-mismatch:5
# 1145311,,Farhah Al-Shamrani   -- dob-mismatch:1
# 949472,,Fabricio   -- dob-mismatch:5
# 1350478,,Federico Croci   -- dob-mismatch:1
# 908236,,Felipe Silva   -- dob-mismatch:5
# 1091608,,Fernando   -- dob-mismatch:4
# 1146456,,Finn Mulder   -- dob-mismatch:2
# 1035199,,Fotis Koutsoupias   -- dob-mismatch:1
# 719986,,Fito   -- dob-mismatch:5
# 748795,,Franklin Tebo Uchenna   -- no-hits
# 1064502,,Fran Gil   -- dob-mismatch:5
# 1100298,,Francisco Silva   -- dob-mismatch:5
# 1077990,,Fredy   -- dob-mismatch:5
# 567516,,Gabi   -- dob-mismatch:5
# 1023191,,George Hemmings   -- dob-mismatch:1
# 1047109,,Georgios Katris   -- dob-mismatch:1
# 1489163,,Geovanni Vianney Ndjee   -- no-hits
# 481676,,Georgios Liavas   -- dob-mismatch:1
# 301235,,Giacomo Calò   -- dob-mismatch:2
# 1061277,,Germán García   -- dob-mismatch:5
# 208022,,Giovanni Zarfino   -- dob-mismatch:1
# 1175060,,Guilliano Cairo   -- no-hits
# 1213680,,Harald Woxen   -- dob-mismatch:1
# 1081568,,Gustavo Ferreira   -- dob-mismatch:5
# 1185890,,Hermann Malonga   -- no-hits
# 1397546,,Holmes Zamorano   -- dob-mismatch:1
# 1295659,,Hubert Janyszka   -- dob-mismatch:1
# 1309770,,Hugo García   -- dob-mismatch:5
# 1340846,,Iason Nebis   -- no-hits
# 1145002,,Ibrahim Diabaté   -- dob-mismatch:2
# 634548,,Ibán Ribeiro   -- dob-mismatch:1
# 634429,,Iker Piedra   -- dob-mismatch:1
# 1182625,,Illyès Benachour   -- no-hits
# 1129892,,Israel Isaac Ayuma   -- no-hits
# 352223,,Israel Suero   -- dob-mismatch:1
# 424371,,Iván Martínez   -- dob-mismatch:5
# 644786,,JJ Williams   -- dob-mismatch:4
# 891931,,Jairo Noriega   -- dob-mismatch:1
# 984096,,Jair Cunha   -- dob-mismatch:1
# 272930,,Jamiro Monteiro   -- dob-mismatch:1
# 568196,,Jaume Jardí   -- dob-mismatch:1
# 1024353,,Jay Coombes   -- dob-mismatch:1
# 502665,,Jemali-Giorgi Jinjolava   -- dob-mismatch:1
# 805479,,Jesús Clemente   -- dob-mismatch:1
# 270611,,Joe   -- dob-mismatch:5
# 192492,,Jordan Lefort   -- dob-mismatch:1
# 786438,,Jony Álamo   -- dob-mismatch:1
# 589459,,Joseda Menargues   -- no-hits
# 432694,,Joshua Kitolano   -- dob-mismatch:1
# 708078,,Josué Chibozo   -- dob-mismatch:1
# 636530,,Jota López   -- dob-mismatch:1
# 1394022,,José González   -- dob-mismatch:5
# 1005651,,João Tornich   -- no-hits
# 894527,,João Pedro Palmberg   -- no-hits
# 892686,,José Val   -- dob-mismatch:5
# 1257410,,Juan Riquelme Angulo   -- dob-mismatch:1
# 535204,,Juan de la Mata   -- dob-mismatch:1
# 1193868,,João Souza   -- dob-mismatch:5
# 1006318,,Juanje Rodríguez   -- dob-mismatch:1
# 1137980,,Julien Yanda   -- dob-mismatch:1
# 1009596,,Junior Diaz   -- dob-mismatch:5
# 1241219,,Kaly   -- dob-mismatch:5
# 255904,,Kaiser   -- dob-mismatch:5
# 1211583,,Karol Delikat   -- dob-mismatch:1
# 863819,,Kimiss Zavala   -- dob-mismatch:1
# 1101914,,Konstantinos Lagoudakis   -- dob-mismatch:1
# 225823,,Kristoffer Haugen   -- dob-mismatch:4
# 1291922,,Lamfia Dioubaté   -- dob-mismatch:1
# 1365849,,Lamini Fati   -- dob-mismatch:1
# 323325,,Leo Bengtsson   -- dob-mismatch:1
# 744599,,Leonardo Vonić   -- dob-mismatch:1
# 831781,,Levente Őri   -- dob-mismatch:1
# 1385526,,Levi Monsen Yeboah   -- no-hits
# 718038,,Lluís Llácer   -- dob-mismatch:1
# 241923,,Lorenzo Montipò   -- dob-mismatch:1
# 1291054,,Leonel Jaime   -- dob-mismatch:5
# 1167216,,Louis Mezerette   -- dob-mismatch:1
# 1367729,,Lucas Macazaga   -- dob-mismatch:1
# 593372,,Lucas Puime   -- dob-mismatch:2
# 510326,,Lucas Viña   -- dob-mismatch:3
# 1105398,,Maksim Kononov   -- no-hits
# 1223587,,Manu Ferreiro   -- dob-mismatch:1
# 1177817,,Manos Chnaris   -- dob-mismatch:2
# 635881,,Manu Pozo   -- dob-mismatch:2
# 374142,,Manu Sánchez   -- dob-mismatch:5
# 660514,,Marc Gutbub   -- dob-mismatch:1
# 939266,,Marc Montalvo   -- dob-mismatch:2
# 1476132,,Marc Santos   -- dob-mismatch:5
# 1028647,,Marco Manchón   -- dob-mismatch:2
# 1006478,,Marco Suárez   -- dob-mismatch:5
# 710484,,Mario Maroto   -- dob-mismatch:1
# 1003546,,Mark Ugboh   -- dob-mismatch:1
# 990258,,Marios Balamotis   -- dob-mismatch:1
# 1063589,,Martín Arruti   -- dob-mismatch:1
# 1141857,,Matej Deket   -- dob-mismatch:1
# 1238273,,Mathias Blix Olsen   -- no-hits
# 1469403,,Mateo Muñoz   -- dob-mismatch:5
# 177547,,Matheus   -- dob-mismatch:5
# 1238271,,Matias Bobo Høgsæt Jaiteh   -- dob-mismatch:1
# 1231931,,Mattis Seghers   -- dob-mismatch:1
# 1582195,,Matias Silva   -- dob-mismatch:5
# 1420635,,Matías Orozco   -- dob-mismatch:2
# 933914,,Mees Eppink   -- dob-mismatch:1
# 282476,,Maximiliano Meza   -- dob-mismatch:3
# 1065272,,Miguel Auría   -- dob-mismatch:1
# 707276,,Miki Bosch   -- dob-mismatch:1
# 1462421,,Mirei Sugiura   -- no-hits
# 1510255,,Miguel Silva   -- dob-mismatch:5
# 952692,,Mladen Jurkas   -- dob-mismatch:1
# 1119911,,Morgan Costarelli   -- dob-mismatch:1
# 1433697,,Mouekeinga Kone   -- no-hits
# 610531,,Mounir Errahaly   -- dob-mismatch:1
# 1078063,,Muhammad Abu Rumi   -- no-hits
# 783017,,Nando Verdoni   -- dob-mismatch:1
# 629588,,Nathan Ngoumou   -- no-hits
# 1371830,,Nacho Pérez   -- dob-mismatch:3
# 1448877,,Nico Clara Pinto   -- no-hits
# 1074959,,Nico Barattucci   -- dob-mismatch:1
# 262703,,Nico Ratti   -- no-hits
# 635944,,Nico Conesa   -- dob-mismatch:2
# 1054922,,Nico Njalla   -- dob-mismatch:1
# 567668,,Nikolaos Christogeorgos   -- dob-mismatch:1
# 694039,,Nils Rossen   -- dob-mismatch:1
# 1397296,,Noah Kalonji   -- dob-mismatch:1
# 1228465,,Noé Poillion   -- dob-mismatch:1
# 610909,,Oriol Martí   -- dob-mismatch:1
# 744641,,Orphé Mbina   -- dob-mismatch:1
# 1394343,,Oriol Subirats   -- dob-mismatch:3
# 1185057,,Oscar Naasei   -- dob-mismatch:1
# 942987,,Osky Menéndez   -- dob-mismatch:1
# 780628,,Oussama Chit   -- dob-mismatch:1
# 1094885,,Otávio   -- dob-mismatch:5
# 817665,,Pablo   -- dob-mismatch:5
# 248337,,Pablo Trigueros   -- dob-mismatch:1
# 1363293,,Patrick Zabi   -- dob-mismatch:1
# 627229,,Paulo Eduardo   -- dob-mismatch:5
# 1268640,,Petko Panayotov   -- dob-mismatch:1
# 500191,,Pepe Sánchez   -- dob-mismatch:4
# 183383,,Pieter Gerkens   -- dob-mismatch:1
# 541867,,Pitu Doncel   -- no-hits
# 724519,,Pol Domingo   -- dob-mismatch:1
# 1334524,,Quim Utgés   -- dob-mismatch:1
# 941103,,Quique Teijo   -- no-hits
# 220647,,Pol Fernández   -- dob-mismatch:3
# 1064717,,Rafita Garrido   -- no-hits
# 929899,,Rahim Alhassane   -- no-hits
# 1166473,,Raphaël Le Guen   -- dob-mismatch:1
# 520093,,Raul   -- dob-mismatch:5
# 1064413,,Raúl Pereira   -- dob-mismatch:3
# 1063601,,Riki de Moraes   -- dob-mismatch:1
# 800995,,Ro-Zangelo Daal   -- dob-mismatch:1
# 223890,,Rober Correa   -- dob-mismatch:1
# 505675,,Rober González   -- dob-mismatch:5
# 1084714,,Robert   -- dob-mismatch:5
# 1132738,,Rodrigo Ajegun   -- no-hits
# 852913,,Rodri Suárez   -- dob-mismatch:5
# 632898,,Rodri Val   -- dob-mismatch:5
# 1086722,,Rodrigo Dias   -- dob-mismatch:5
# 379743,,Rubén Alves   -- dob-mismatch:5
# 1010856,,Ryan Rodin   -- dob-mismatch:1
# 635929,,Salvi Carrasco   -- no-hits
# 284701,,Samuel Portugal   -- no-hits
# 1157580,,Samuel Pardo   -- dob-mismatch:1
# 706175,,Samu Vázquez   -- dob-mismatch:3
# 1179195,,Sankhoun Diawara   -- dob-mismatch:1
# 1502255,,Samuel Alves   -- dob-mismatch:5
# 1594684,,Santi Pallarés   -- dob-mismatch:1
# 881436,,Sergi López   -- dob-mismatch:5
# 1578107,,Seun Akanji   -- dob-mismatch:1
# 595247,,Shiloh 't Zand   -- dob-mismatch:1
# 542858,,Simon Graves   -- dob-mismatch:1
# 1061056,,Simon Lengen   -- dob-mismatch:1
# 635333,,Serpeta   -- dob-mismatch:5
# 1031590,,Sotiris Kontouris   -- dob-mismatch:1
# 298678,,Stefan Hagerup   -- no-hits
# 1119391,,Steeve Kango   -- dob-mismatch:1
# 1335779,,Stephen Ende   -- dob-mismatch:1
# 1329973,,Suso Sánchez   -- no-hits
# 789419,,Teddy Boulhendi   -- dob-mismatch:1
# 1091353,,Telli Siwe   -- dob-mismatch:1
# 354697,,Tachi   -- dob-mismatch:5
# 983330,,Thapelo Maseko   -- dob-mismatch:1
# 182891,,Thomas Didillon-Hödl   -- no-hits
# 962246,,Thomas Pompei   -- dob-mismatch:1
# 620912,,Théo Vermot   -- dob-mismatch:1
# 528211,,Tino Jukic   -- dob-mismatch:1
# 539985,,Tornike Megrelishvili   -- dob-mismatch:1
# 1056973,,Txus Vizcay   -- no-hits
# 783429,,Unai Dufur   -- dob-mismatch:1
# 750804,,Varo   -- no-hits
# 671806,,Valmir Matoshi   -- dob-mismatch:1
# 467243,,Viktor Korniyenko   -- no-hits
# 950393,,Viery   -- dob-mismatch:1
# 501555,,Viktor Gustafson   -- dob-mismatch:1
# 1123505,,Viti Nieves   -- no-hits
# 1445032,,Vlad   -- dob-mismatch:5
# 472259,,Víctor Olmedo   -- dob-mismatch:1
# 1065958,,Víctor Fernández   -- dob-mismatch:5
# 1029482,,William Harhouz   -- dob-mismatch:1
# 1300434,,Wiktor Obremski   -- dob-mismatch:1
# 731221,,Xavier Sola   -- dob-mismatch:1
# 1235199,,Yacqub Finey   -- no-hits
# 1099924,,Yael Trepy   -- dob-mismatch:1
# 927715,,Xiko Gomes   -- dob-mismatch:3
# 1159590,,Yonatan Shani   -- dob-mismatch:1
# 725920,,Youssef Zayzoun   -- dob-mismatch:1
# 524008,,Yussi Diarra   -- no-hits
# 111041,,Zacharie Boucher   -- dob-mismatch:1
# 901079,,Ziyad Al-Johani   -- no-hits
# 1587440,,Zyber Cullhaj   -- dob-mismatch:1
# 1091893,,Zé Breno   -- no-hits
# 956608,,Zétény Varga   -- dob-mismatch:1
# 1123215,,Ádám Madarász   -- dob-mismatch:2
# 952648,,Ádám Bagi   -- dob-mismatch:4
# 949462,,Álex Blanco   -- dob-mismatch:5
# 1453205,,Álex Gil   -- dob-mismatch:5
# 631094,,Álex Macías   -- dob-mismatch:3
# 1451806,,Álex Marqués   -- dob-mismatch:5
# 689563,,Álex Sánchez   -- dob-mismatch:5
# 510396,,Álex Suárez   -- dob-mismatch:5
# 993516,,Álvaro Domínguez   -- dob-mismatch:5
# 719725,,Álvaro Santamaría   -- dob-mismatch:2
# 1047101,,İlhan Fakılı   -- dob-mismatch:1
